create database ALBUM;
use album;

create table figurinha (
	nome varchar(350),
	descricao varchar(500),
	idFigurinha int(11),
	raridade varchar(350),
	categoria varchar(350)
);

insert into figurinha (idFigurinha, nome, descricao, raridade, categoria)
values (1, 'Pérola', 'Pérola é uma jóia do tipo pérola de cristal das gemas , em Steven Universo e uma das protagonistas da série. Foi uma primeira jóia de Rose Quartz na Rebelião , tendo um grande amor por ela. Atualmente, é uma das mentoras do seu filho, Steven.', 'Comum', 'CrystalGems' );

insert into figurinha (idFigurinha, nome, descricao, raridade, categoria)
values (2, 'Steven', 'Steven Quartzo Universo é o personagem principal da série. Steven é o filho de Rose Quartz (Diamante Rosa), a ex-líder das Crystal Gems, e passa a viver com elas. Ao mesmo tempo que convive com sua vida humana em Beach City,', 'Comum', 'CrystalGems' );

insert into figurinha (idFigurinha, nome, descricao, raridade, categoria)
values (3, 'Rubi', 'Rubi é uma rubi que teve sua primeira aparição física em "Libertador". Rubi é uma Gem forte e corajosa, ela faz de tudo para proteger sua esposa, Safira, e juntas elas podem se transformar em Garnet.', 'Comum', 'CrystalGems' );

insert into figurinha (idFigurinha, nome, descricao, raridade, categoria)
values (4, 'Lápis', 'Lapis Lazuli é uma Gem que teve sua primeira aparição em "Espelho Gem". Lapis era uma Gem que ficou presa no espelho após ser confundida com uma rebelde na Rebelião, até ser solta por Steven.', 'Comum', 'CrystalGems' );

insert into figurinha (idFigurinha, nome, descricao, raridade, categoria)
values (5, 'Greg', 'Greg Universo, originalmente Greg DeMayo, é um morador de Beach City. Ele era um cantor que fazia turnês por várias cidades, até que um dia, foi fazer um show em Beach City e lá ele conheceu Rose Quartz, se apaixonando pela gem e abandonando sua carreira por ela. Atualmente, cuida de seu filho com Rose', 'Comum', 'CrystalGems' );

insert into figurinha (idFigurinha, nome, descricao, raridade, categoria)
values (6, 'Peridot', 'Peridot (mas especificamente Peridot Faceta-2F5L Corte-5XG), é uma Gem do tipo peridot da Era-2 que fez sua primeira aparição em "Transportadores". Ela se torna oficialmente uma Crystal Gem em "Mensagem Recebida ", após desobedecer e desafiar uma ordem da Diamante Amarelo.', 'Comum', 'CrystalGems' );

insert into figurinha (idFigurinha, nome, descricao, raridade, categoria)
values (7, 'Garnet', 'Garnet é uma das protagonistas de Steven Universo. Ela é a fusão de Rubi e Safira e a líder das Crystal Gems. Se juntou às Crystal Gems porque elas aceitavam o fato dela ser uma fusão. Lutou na rebelião e se tornou uma das defensoras da Terra. Após a "morte" de Rose Quartz, Garnet começou a liderar as Crystal Gems.', 'Comum', 'CrystalGems' );

insert into figurinha (idFigurinha, nome, descricao, raridade, categoria)
values (8, 'Rose Quartzo', 'Rose Quartz é uma ex-Crystal Gem tendo muita importância na história de Steven Universo Ela dizia ser um quartzo-rosa feito no Jardim de Infância, que não suportou o que as Gems do Planeta Natal estavam fazendo e se voltou contra o Planeta Natal, dando início a Rebelião.mas na verdade era a Diamante Rosa que se disfaçou como rose quartz para combater e proteger a terra do planeta natal', 'Comum', 'CrystalGems' );

insert into figurinha (idFigurinha, nome, descricao, raridade, categoria)
values (9, 'Amertista', 'Ametista (mas especificamente Ametista Faceta-5 Corte-8XM), é um dos membros das Crystal Gems e uma das protagonistas da série. Ela foi a última Gem conhecida a ser fabricada na Terra como parte do projeto do Jardim de Infância. Após a Rebelião, Ametista se tornou uma Crystal Gem e passou a ajudar seus companheiros a proteger a Terra.', 'Comum', 'CrystalGems' );

insert into figurinha (idFigurinha, nome, descricao, raridade, categoria)
values (10, 'Connie', 'Connie Maheswaran E uma garota descendente de Indianos. Ela é a primeira a Crystal Gem 100% humana.', 'Comum', 'CrystalGems' );

insert into figurinha (idFigurinha, nome, descricao, raridade, categoria)
values (11, 'Bismuto', 'Bismuto é uma Crystal Gem que fez sua primeira aparição em "Bismuto". Ela teve sua forma física destruída por Rose Quartz e colocada em uma bolha na Dimensão do Leão, após ela e Rose entrarem em conflito de interesses. 5.300 anos depois, ela foi libertada pelo filho de Rose, Steven.', 'Comum', 'CrystalGems' );

insert into figurinha (idFigurinha, nome, descricao, raridade, categoria)
values (12, 'Safira', 'Safira é uma Gem que faz parte das Crystal Gems. Ela passa a maior parte do tempo fundida com sua parceira romântica, Rubi, sendo a fusão de ambas: Garnet. Ela apareceu fisicamente pela primeira vez no episódio "Libertador".', 'Comum', 'CrystalGems' );

insert into figurinha (idFigurinha, nome, descricao, raridade, categoria)
values (13, 'Stevonnie', 'Stevonnie é uma fusão entre Steven Quartz Universo e Connie Maheswaran , que fez sua primeira aparição em " Juntos e Sozinhos ".', 'Raro', 'Fusões' );

insert into figurinha (idFigurinha, nome, descricao, raridade, categoria)
values (14, 'Quartzo Arco-Íris 2.0', 'Quartzo Arco-Íris 2.0 é a fusão de Steven e Pérola, que fez sua primeira aparição em "Mudar de Ideia".', 'Raro', 'Fusões' );

insert into figurinha (idFigurinha, nome, descricao, raridade, categoria)
values (15, 'Sugilite', 'Sugilite é a fusão de Rubi, Safira (Garnet) e Ametista, que fez sua primeira aparição em "Treinador Steven".', 'Raro', 'Fusões' );

insert into figurinha (idFigurinha, nome, descricao, raridade, categoria)
values (16, 'Alexandrite', 'Alexandrite é a fusão de Pérola, Ametista, Safira e Rubi (Garnet). É a terceira fusão com maior quantidade de Gems apresentada até agora na série. Teve sua primeira aparição em "Jantar em Família".', 'Raro', 'Fusões' );

insert into figurinha (idFigurinha, nome, descricao, raridade, categoria)
values (17, 'Quartzo Fumê', 'Quartzo Fumê é a fusão de Steven e Ametista. Ela apareceu pela primeira vez em "Terráqueas", durante um combate contra Jasper.', 'Raro', 'Fusões' );

insert into figurinha (idFigurinha, nome, descricao, raridade, categoria)
values (18, 'Obsidiana', 'Obsidiana é a fusão de Garnet (Rubi e Safira), Ametista, Pérola e Steven que fez sua primeira aparição em "Mudar de Ideia". É atualmente a maior fusão existente e com maior quantidade de gems (5 gems).', 'Raro', 'Fusões' );

insert into figurinha (idFigurinha, nome, descricao, raridade, categoria)
values (19, 'Quartzo Arco-Íris', 'Quartzo Arco-Íris é a fusão de Pérola e Rose Quartz (e por extensão, Diamante Rosa), que teve sua primeira aparição em "Temos Que Conversar".', 'Raro', 'Fusões' );

insert into figurinha (idFigurinha, nome, descricao, raridade, categoria)
values (20, 'Sardonyx', 'Sardonyx é a fusão entre Pérola, Rubi e Safira (Garnet), que fez sua primeira aparição em "Peça Ajuda". Sardonyx tem aproximadamente o mesmo tamanho que as torres, é aparentemente quase do mesmo tamanho de Sugilite', 'Raro', 'Fusões' );

insert into figurinha (idFigurinha, nome, descricao, raridade, categoria)
values (21, 'Pedra do Sol', 'Pedra do Sol é a fusão de Steven e Garnet (Rubi e Safira), que fez sua primeira aparição em "Mudar de Ideia".', 'Raro', 'Fusões' );

insert into figurinha (idFigurinha, nome, descricao, raridade, categoria)
values (22, 'Opal', 'Opal é uma Gem que pode ser formada pela fusão de Ametista e Pérola. Ela fez sua primeira aparição em "A Mulher Gigante". Opal é uma Gem alta, tendo o dobro da altura de Garnet', 'Raro', 'Fusões' );

insert into figurinha (idFigurinha, nome, descricao, raridade, categoria)
values (23, 'Rodonita', 'Rodonita é uma fusão não alinhada de uma Rubi e uma Pérola desconhecidas. Teve sua primeira aparição em "Descoloridas", e faz parte de um grupo com o mesmo nome e mas tarde em a Mini Formatura ela junto com as outras e Lars voltaram ao Espaço.', 'Épico', 'Descoloridas' );

insert into figurinha (idFigurinha, nome, descricao, raridade, categoria)
values (24, 'Gêmeas Rutilo', 'As Gêmeas Rutilo são gems defeituosas que nasceram no Jardim de Infância Subterrâneo. Elas vivem junto às outras gems Descoloridas. As Rutilos fizeram sua primeira aparição em "Descoloridas".', 'Épico', 'Descoloridas' );

insert into figurinha (idFigurinha, nome, descricao, raridade, categoria)
values (25, 'Safira Padparadscha', 'Safira Padparadscha é uma Gem não alinhada defeituosa que escapou e viveu no Jardim de Infância Subterrâneo do Planeta Natal com o grupo conhecido como as "Descoloridas". Enquanto safiras normalmente têm visões sobre fatos situados no futuro, as visões de Padparadscha são de eventos que já ocorreram ou sim seja Ela Faz previsões do passado.', 'Épico', 'Descoloridas' );

insert into figurinha (idFigurinha, nome, descricao, raridade, categoria)
values (26, 'Lars', 'Lars é um adolescente que morava em Beach City com seus pais, Martha e Dante, e trabalhava no Big Rosquinha, juntamente com Sadie. Após ser abduzido e levado ao Planeta Natal por engano, ele foi morto lá, mas graças aos poderes curativos de Steven ele foi trazido de volta a vida. Após ser revivido, ele adquiriu alguns poderes mágicos e seu tom de pele foi mudado para rosa. Atualmente Lars atua como Capitão, com as Descoloridas sendo sua tripulação.', 'Épico', 'Descoloridas' );

insert into figurinha (idFigurinha, nome, descricao, raridade, categoria)
values (27, 'Fluorita', 'Fluorita é uma fusão sim não alinhada entre seis Gems desconhecidas. Fez sua primeira aparição em "Descoloridas". Atualmente, está com Lars e as outras Descoloridas na Terra em a Mini Formatura antes e talvez depois se Formar ela as Outras e o Lars voltam para a espaço.', 'Épico', 'Descoloridas' );

insert into figurinha (idFigurinha, nome, descricao, raridade, categoria)
values (28, 'Diamante Rosa', 'Diamante Rosa ou também conhecida como Rosa para até mesmo abreviar era uma Gem do Planeta Natal que fazia parte da Grande Autoridade Diamante. Ela estava no comando da colonização da Terra até que ela encenou sua própria morte para viver como Rose Quartz e libertar-se de seu papel como um Diamante. Ela foi mencionada pela primeira vez em "Terráqueas" e fez sua primeira aparição em "Lua Selva".', 'Lendário', 'Diamantes' );

insert into figurinha (idFigurinha, nome, descricao, raridade, categoria)
values (29, 'Diamante Branco', 'Diamante Branco ou também conhecida como Branco para até mesmo abreviar é uma Gem do Planeta Natal que faz parte da Grande Autoridade Diamante. Ela é a maior proprietária de colônias em números, até a época da construção da Base Lunar, porém não sai de seu planeta natal por eras, supostamente após realizar a Luz de Corrupção, em reação à morte forjada de Diamante Rosa.', 'Lendário', 'Diamantes' );

insert into figurinha (idFigurinha, nome, descricao, raridade, categoria)
values (30, 'Diamante Amarelo', 'Diamante Amarelo ou também conhecida como Amarelo para até mesmo abreviar é uma Gem que faz parte da Grande Autoridade Diamante, que comanda as Gems do Planeta Natal e de suas colônias. Ela foi vista pela primeira vez no tema de abertura estendido e fez sua aparição de introdução em "Mensagem Recebida".', 'Lendário', 'Diamantes' );

insert into figurinha (idFigurinha, nome, descricao, raridade, categoria)
values (31, 'Diamante Azul', 'Diamante Azul ou também conhecida como Azul para até mesmo abreviar é uma Gem do Planeta Natal que apareceu pela primeira vez em um flashback de "A Resposta" e oficialmente em "O Sonho do Steven". Faz parte da Grande Autoridade Diamante, sendo uma das três líderes do Planeta Natal e de suas colônias.', 'Lendário', 'Diamantes' );

create table album (
	quantidadeDeFigurinhas int(11),
    idAlbum int(11),
    VolumeDoAlbum int(11),
    idUsuario int(11)
);

insert into album (idAlbum, quantidadeDeFigurinhas, volumeDoAlbum, idUsuario)
values (24, 25, 1, 11);

insert into album (idAlbum, quantidadeDeFigurinhas, volumeDoAlbum, idUsuario)
values (26, 1, 2, 12);

insert into album (idAlbum, quantidadeDeFigurinhas, volumeDoAlbum, idUsuario)
values (28, 20, 3, 13);

insert into album (idAlbum, quantidadeDeFigurinhas, volumeDoAlbum, idUsuario)
values (210, 27, 2, 14);

insert into album (idAlbum, quantidadeDeFigurinhas, volumeDoAlbum, idUsuario)
values (212, 12, 1, 15);

insert into album (idAlbum, quantidadeDeFigurinhas, volumeDoAlbum, idUsuario)
values (214, 26, 3, 16);

insert into album (idAlbum, quantidadeDeFigurinhas, volumeDoAlbum, idUsuario)
values (216, 28, 1, 17);

insert into album (idAlbum, quantidadeDeFigurinhas, volumeDoAlbum, idUsuario)
values (218, 26, 3, 18);

insert into album (idAlbum, quantidadeDeFigurinhas, volumeDoAlbum, idUsuario)
values (220, 12, 2, 19);

insert into album (idAlbum, quantidadeDeFigurinhas, volumeDoAlbum, idUsuario)
values (222, 14, 3, 110);

insert into album (idAlbum, quantidadeDeFigurinhas, volumeDoAlbum, idUsuario)
values (224, 1, 1, 111);

insert into album (idAlbum, quantidadeDeFigurinhas, volumeDoAlbum, idUsuario)
values (226, 2, 1, 112);

insert into album (idAlbum, quantidadeDeFigurinhas, volumeDoAlbum, idUsuario)
values (228, 30, 2, 113);

insert into album (idAlbum, quantidadeDeFigurinhas, volumeDoAlbum, idUsuario)
values (230, 4, 3, 114);

insert into album (idAlbum, quantidadeDeFigurinhas, volumeDoAlbum, idUsuario)
values (232, 28, 2, 115);

insert into album (idAlbum, quantidadeDeFigurinhas, volumeDoAlbum, idUsuario)
values (234, 7, 1, 116);

insert into album (idAlbum, quantidadeDeFigurinhas, volumeDoAlbum, idUsuario)
values (236, 30, 3, 117);

insert into album (idAlbum, quantidadeDeFigurinhas, volumeDoAlbum, idUsuario)
values (238, 30, 2, 118);

insert into album (idAlbum, quantidadeDeFigurinhas, volumeDoAlbum, idUsuario)
values (240, 28, 2, 119);

insert into album (idAlbum, quantidadeDeFigurinhas, volumeDoAlbum, idUsuario)
values (242, 10, 2, 120);

insert into album (idAlbum, quantidadeDeFigurinhas, volumeDoAlbum, idUsuario)
values (244, 9, 1, 121);

insert into album (idAlbum, quantidadeDeFigurinhas, volumeDoAlbum, idUsuario)
values (246, 14, 2, 122);

insert into album (idAlbum, quantidadeDeFigurinhas, volumeDoAlbum, idUsuario)
values (248, 17, 2, 123);

insert into album (idAlbum, quantidadeDeFigurinhas, volumeDoAlbum, idUsuario)
values (250, 5, 1, 124);

insert into album (idAlbum, quantidadeDeFigurinhas, volumeDoAlbum, idUsuario)
values (252, 13, 1, 125);

insert into album (idAlbum, quantidadeDeFigurinhas, volumeDoAlbum, idUsuario)
values (254, 22, 3, 126);

insert into album (idAlbum, quantidadeDeFigurinhas, volumeDoAlbum, idUsuario)
values (256, 8, 2, 127);

insert into album (idAlbum, quantidadeDeFigurinhas, volumeDoAlbum, idUsuario)
values (258, 22, 2, 128);

insert into album (idAlbum, quantidadeDeFigurinhas, volumeDoAlbum, idUsuario)
values (260, 23, 3, 129);

insert into album (idAlbum, quantidadeDeFigurinhas, volumeDoAlbum, idUsuario)
values (262, 1, 3, 130);

create table usuario (
	nome varchar(350),
    senha varchar(350),
    email varchar(350),
    idUsuario int(11)
);

insert into usuario (idUsuario, nome, email, senha)
values (11, 'Zyan Duarte', 'zyanduarte@gmail.com', 'fIg0hnOFT60$' );

insert into usuario (idUsuario, nome, email, senha)
values (12, 'Luan Marques', 'luanmarques@gmail.com', '67868768678678' );

insert into usuario (idUsuario, nome, email, senha)
values (13, 'Otto Martins', 'ottomartins@uol.com.', '67868768678678' );

insert into usuario (idUsuario, nome, email, senha)
values (14, 'Noah Carvalho', 'noahcarvalho@yahoo.com.br', '7575757575' );

insert into usuario (idUsuario, nome, email, senha)
values (15, 'Zyan Moura', 'zyanmoura@amazon.com.br', 'tewewrgerw' );

insert into usuario (idUsuario, nome, email, senha)
values (16, 'Malu Lopes', 'malulopes@yahoo.com.br', 'yb8S7DEV' );

insert into usuario (idUsuario, nome, email, senha)
values (17, 'Bento Marques', 'bentomarques@yahoo.com.br', 'hvBtsQxK' );

insert into usuario (idUsuario, nome, email, senha)
values (18, 'Isabella Nascimento', 'isabellanascimento@amazon.com.br', '234234342' );

insert into usuario (idUsuario, nome, email, senha)
values (19, 'Bento Soares', 'bentosoares@yahoo.com.br', '67868768678678' );

insert into usuario (idUsuario, nome, email, senha)
values (110, 'Miguel Morais', 'miguelmorais@uol.com.', 'ewtqqtrwgr' );

insert into usuario (idUsuario, nome, email, senha)
values (111, 'Bento Duarte', 'bentoduarte@amazon.com.br', '3533556758' );

insert into usuario (idUsuario, nome, email, senha)
values (112, 'Ravi Miranda', 'ravimiranda@uol.com.', '4656456654' );

insert into usuario (idUsuario, nome, email, senha)
values (113, 'Noah Reis', 'noahreis@gmail.com', '23fr22f2f' );

insert into usuario (idUsuario, nome, email, senha)
values (114, 'Noah Lima', 'noahlima@amazon.com.br', 'ewtqqtrwgr' );

insert into usuario (idUsuario, nome, email, senha)
values (115, 'Betina Barbosa', 'betinabarbosa@amazon.com.br', '52325325' );

insert into usuario (idUsuario, nome, email, senha)
values (116, 'Elisa Nunes', 'elisanunes@gmail.com', '879879798797' );

insert into usuario (idUsuario, nome, email, senha)
values (117, 'Isabella Oliveira', 'isabellaoliveira@protonmail.com', '234234342' );

insert into usuario (idUsuario, nome, email, senha)
values (118, 'Manuela Souza', 'manuelasouza@gmail.com', 'yVIIX6g8' );

insert into usuario (idUsuario, nome, email, senha)
values (119, 'Elisa Martins', 'elisamartins@amazon.com.br', '52325325' );

insert into usuario (idUsuario, nome, email, senha)
values (120, 'Laura Andrade', 'lauraandrade@protonmail.com', '8900800800' );

insert into usuario (idUsuario, nome, email, senha)
values (121, 'Pedro Costa', 'pedrocosta@protonmail.com', '5576577567655' );

insert into usuario (idUsuario, nome, email, senha)
values (122, 'Valentina Gomes', 'valentinagomes@amazon.com.br', 'gewtfwt4h' );

insert into usuario (idUsuario, nome, email, senha)
values (123, 'Isabelly Santos', 'isabellysantos@gmail.com', 'tewewrgerw' );

insert into usuario (idUsuario, nome, email, senha)
values (124, 'Rayan Rocha', 'rayanrocha@gmail.com', 'fIg0hnOFT60$' );

insert into usuario (idUsuario, nome, email, senha)
values (125, 'Luca Ramos', 'lucaramos@protonmail.com', 'fIg0hnOFT60$' );

insert into usuario (idUsuario, nome, email, senha)
values (126, 'Bento Andrade', 'bentoandrade@amazon.com.br', '2552525252' );

insert into usuario (idUsuario, nome, email, senha)
values (127, 'Maitê Ferreira', 'maitêferreira@protonmail.com', '6654546' );

insert into usuario (idUsuario, nome, email, senha)
values (128, 'Bento Barbosa', 'bentobarbosa@amazon.com.br', '52325325' );

insert into usuario (idUsuario, nome, email, senha)
values (129, 'Luan Miranda', 'luanmiranda@yahoo.com.br', '8900800800' );

insert into usuario (idUsuario, nome, email, senha)
values (130, 'Benjamim Costa', 'benjamimcosta@yahoo.com.br', '31889357' );

create table figurinhaEstaNoAlbum (
	idFigurinha int(11),
    idAlbum int(11)
);

insert into figurinhaEstaNoAlbum (idFigurinha, idAlbum)
values (1, 262);

insert into figurinhaEstaNoAlbum (idFigurinha, idAlbum)
values (10, 230);

insert into figurinhaEstaNoAlbum (idFigurinha, idAlbum)
values (23, 236);

insert into figurinhaEstaNoAlbum (idFigurinha, idAlbum)
values (14, 220);

insert into figurinhaEstaNoAlbum (idFigurinha, idAlbum)
values (31, 226);

insert into figurinhaEstaNoAlbum (idFigurinha, idAlbum)
values (4, 238);

insert into figurinhaEstaNoAlbum (idFigurinha, idAlbum)
values (2, 226);

insert into figurinhaEstaNoAlbum (idFigurinha, idAlbum)
values (6, 216);

insert into figurinhaEstaNoAlbum (idFigurinha, idAlbum)
values (26, 242);

insert into figurinhaEstaNoAlbum (idFigurinha, idAlbum)
values (31, 216);

insert into figurinhaEstaNoAlbum (idFigurinha, idAlbum)
values (28, 26);

insert into figurinhaEstaNoAlbum (idFigurinha, idAlbum)
values (24, 250);

insert into figurinhaEstaNoAlbum (idFigurinha, idAlbum)
values (24, 26);

insert into figurinhaEstaNoAlbum (idFigurinha, idAlbum)
values (14, 28);

insert into figurinhaEstaNoAlbum (idFigurinha, idAlbum)
values (5, 236);

insert into figurinhaEstaNoAlbum (idFigurinha, idAlbum)
values (13, 216);

insert into figurinhaEstaNoAlbum (idFigurinha, idAlbum)
values (25, 264);

insert into figurinhaEstaNoAlbum (idFigurinha, idAlbum)
values (23, 212);

insert into figurinhaEstaNoAlbum (idFigurinha, idAlbum)
values (10, 238);

insert into figurinhaEstaNoAlbum (idFigurinha, idAlbum)
values (19, 216);

insert into figurinhaEstaNoAlbum (idFigurinha, idAlbum)
values (18, 216);

insert into figurinhaEstaNoAlbum (idFigurinha, idAlbum)
values (14, 26);

insert into figurinhaEstaNoAlbum (idFigurinha, idAlbum)
values (3, 28);

insert into figurinhaEstaNoAlbum (idFigurinha, idAlbum)
values (7, 218);

insert into figurinhaEstaNoAlbum (idFigurinha, idAlbum)
values (13, 228);

insert into figurinhaEstaNoAlbum (idFigurinha, idAlbum)
values (14, 240);

insert into figurinhaEstaNoAlbum (idFigurinha, idAlbum)
values (20, 24);

insert into figurinhaEstaNoAlbum (idFigurinha, idAlbum)
values (20, 248);

insert into figurinhaEstaNoAlbum (idFigurinha, idAlbum)
values (12, 222);

insert into figurinhaEstaNoAlbum (idFigurinha, idAlbum)
values (8, 218);

insert into figurinhaEstaNoAlbum (idFigurinha, idAlbum)
values (3, 218);

insert into figurinhaEstaNoAlbum (idFigurinha, idAlbum)
values (22, 26);

insert into figurinhaEstaNoAlbum (idFigurinha, idAlbum)
values (27, 254);

insert into figurinhaEstaNoAlbum (idFigurinha, idAlbum)
values (29, 216);

insert into figurinhaEstaNoAlbum (idFigurinha, idAlbum)
values (8, 230);

insert into figurinhaEstaNoAlbum (idFigurinha, idAlbum)
values (5, 220);

insert into figurinhaEstaNoAlbum (idFigurinha, idAlbum)
values (22, 242);

insert into figurinhaEstaNoAlbum (idFigurinha, idAlbum)
values (31, 26);

insert into figurinhaEstaNoAlbum (idFigurinha, idAlbum)
values (5, 242);

insert into figurinhaEstaNoAlbum (idFigurinha, idAlbum)
values (16, 222);

insert into figurinhaEstaNoAlbum (idFigurinha, idAlbum)
values (25, 250);

insert into figurinhaEstaNoAlbum (idFigurinha, idAlbum)
values (9, 220);

insert into figurinhaEstaNoAlbum (idFigurinha, idAlbum)
values (11, 254);

insert into figurinhaEstaNoAlbum (idFigurinha, idAlbum)
values (6, 246);

insert into figurinhaEstaNoAlbum (idFigurinha, idAlbum)
values (16, 218);

insert into figurinhaEstaNoAlbum (idFigurinha, idAlbum)
values (5, 26);

insert into figurinhaEstaNoAlbum (idFigurinha, idAlbum)
values (19, 210);

insert into figurinhaEstaNoAlbum (idFigurinha, idAlbum)
values (28, 238);

insert into figurinhaEstaNoAlbum (idFigurinha, idAlbum)
values (25, 28);

insert into figurinhaEstaNoAlbum (idFigurinha, idAlbum)
values (8, 214);

insert into figurinhaEstaNoAlbum (idFigurinha, idAlbum)
values (26, 238);

insert into figurinhaEstaNoAlbum (idFigurinha, idAlbum)
values (28, 254);

insert into figurinhaEstaNoAlbum (idFigurinha, idAlbum)
values (4, 252);

insert into figurinhaEstaNoAlbum (idFigurinha, idAlbum)
values (13, 238);

insert into figurinhaEstaNoAlbum (idFigurinha, idAlbum)
values (16, 260);

insert into figurinhaEstaNoAlbum (idFigurinha, idAlbum)
values (11, 254);

insert into figurinhaEstaNoAlbum (idFigurinha, idAlbum)
values (22, 252);

insert into figurinhaEstaNoAlbum (idFigurinha, idAlbum)
values (18, 224);

insert into figurinhaEstaNoAlbum (idFigurinha, idAlbum)
values (6, 238);

insert into figurinhaEstaNoAlbum (idFigurinha, idAlbum)
values (24, 244);

insert into figurinhaEstaNoAlbum (idFigurinha, idAlbum)
values (1, 212);

insert into figurinhaEstaNoAlbum (idFigurinha, idAlbum)
values (17, 238);

insert into figurinhaEstaNoAlbum (idFigurinha, idAlbum)
values (3, 234);

insert into figurinhaEstaNoAlbum (idFigurinha, idAlbum)
values (5, 216);

insert into figurinhaEstaNoAlbum (idFigurinha, idAlbum)
values (1, 24);

insert into figurinhaEstaNoAlbum (idFigurinha, idAlbum)
values (3, 222);

insert into figurinhaEstaNoAlbum (idFigurinha, idAlbum)
values (21, 226);

insert into figurinhaEstaNoAlbum (idFigurinha, idAlbum)
values (7, 244);

insert into figurinhaEstaNoAlbum (idFigurinha, idAlbum)
values (28, 226);

insert into figurinhaEstaNoAlbum (idFigurinha, idAlbum)
values (25, 224);

insert into figurinhaEstaNoAlbum (idFigurinha, idAlbum)
values (9, 220);

insert into figurinhaEstaNoAlbum (idFigurinha, idAlbum)
values (12, 262);

insert into figurinhaEstaNoAlbum (idFigurinha, idAlbum)
values (30, 24);

insert into figurinhaEstaNoAlbum (idFigurinha, idAlbum)
values (19, 230);

insert into figurinhaEstaNoAlbum (idFigurinha, idAlbum)
values (23, 244);

insert into figurinhaEstaNoAlbum (idFigurinha, idAlbum)
values (11, 230);

insert into figurinhaEstaNoAlbum (idFigurinha, idAlbum)
values (20, 226);

insert into figurinhaEstaNoAlbum (idFigurinha, idAlbum)
values (5, 24);

insert into figurinhaEstaNoAlbum (idFigurinha, idAlbum)
values (15, 250);

insert into figurinhaEstaNoAlbum (idFigurinha, idAlbum)
values (3, 28);

insert into figurinhaEstaNoAlbum (idFigurinha, idAlbum)
values (29, 220);

insert into figurinhaEstaNoAlbum (idFigurinha, idAlbum)
values (6, 240);

insert into figurinhaEstaNoAlbum (idFigurinha, idAlbum)
values (12, 236);

insert into figurinhaEstaNoAlbum (idFigurinha, idAlbum)
values (21, 248);

insert into figurinhaEstaNoAlbum (idFigurinha, idAlbum)
values (28, 260);

insert into figurinhaEstaNoAlbum (idFigurinha, idAlbum)
values (25, 220);

insert into figurinhaEstaNoAlbum (idFigurinha, idAlbum)
values (9, 230);

insert into figurinhaEstaNoAlbum (idFigurinha, idAlbum)
values (20, 210);

insert into figurinhaEstaNoAlbum (idFigurinha, idAlbum)
values (2, 250);

insert into figurinhaEstaNoAlbum (idFigurinha, idAlbum)
values (3, 250);

insert into figurinhaEstaNoAlbum (idFigurinha, idAlbum)
values (2, 28);

insert into figurinhaEstaNoAlbum (idFigurinha, idAlbum)
values (6, 224);

insert into figurinhaEstaNoAlbum (idFigurinha, idAlbum)
values (1, 242);

insert into figurinhaEstaNoAlbum (idFigurinha, idAlbum)
values (20, 26);

insert into figurinhaEstaNoAlbum (idFigurinha, idAlbum)
values (9, 256);

insert into figurinhaEstaNoAlbum (idFigurinha, idAlbum)
values (29, 214);

insert into figurinhaEstaNoAlbum (idFigurinha, idAlbum)
values (13, 218);

insert into figurinhaEstaNoAlbum (idFigurinha, idAlbum)
values (15, 24);

insert into figurinhaEstaNoAlbum (idFigurinha, idAlbum)
values (31, 232);

insert into figurinhaEstaNoAlbum (idFigurinha, idAlbum)
values (27, 222);

insert into figurinhaEstaNoAlbum (idFigurinha, idAlbum)
values (12, 224);

insert into figurinhaEstaNoAlbum (idFigurinha, idAlbum)
values (26, 222);

insert into figurinhaEstaNoAlbum (idFigurinha, idAlbum)
values (9, 228);

insert into figurinhaEstaNoAlbum (idFigurinha, idAlbum)
values (23, 250);

insert into figurinhaEstaNoAlbum (idFigurinha, idAlbum)
values (14, 264);

insert into figurinhaEstaNoAlbum (idFigurinha, idAlbum)
values (8, 24);

insert into figurinhaEstaNoAlbum (idFigurinha, idAlbum)
values (13, 256);

insert into figurinhaEstaNoAlbum (idFigurinha, idAlbum)
values (25, 210);

insert into figurinhaEstaNoAlbum (idFigurinha, idAlbum)
values (13, 230);

insert into figurinhaEstaNoAlbum (idFigurinha, idAlbum)
values (9, 234);

insert into figurinhaEstaNoAlbum (idFigurinha, idAlbum)
values (21, 216);

insert into figurinhaEstaNoAlbum (idFigurinha, idAlbum)
values (10, 236);

insert into figurinhaEstaNoAlbum (idFigurinha, idAlbum)
values (6, 24);

insert into figurinhaEstaNoAlbum (idFigurinha, idAlbum)
values (9, 218);

insert into figurinhaEstaNoAlbum (idFigurinha, idAlbum)
values (8, 232);

insert into figurinhaEstaNoAlbum (idFigurinha, idAlbum)
values (7, 230);

insert into figurinhaEstaNoAlbum (idFigurinha, idAlbum)
values (30, 252);

insert into figurinhaEstaNoAlbum (idFigurinha, idAlbum)
values (26, 258);

insert into figurinhaEstaNoAlbum (idFigurinha, idAlbum)
values (4, 238);

insert into figurinhaEstaNoAlbum (idFigurinha, idAlbum)
values (19, 28);

insert into figurinhaEstaNoAlbum (idFigurinha, idAlbum)
values (15, 218);

insert into figurinhaEstaNoAlbum (idFigurinha, idAlbum)
values (20, 250);

insert into figurinhaEstaNoAlbum (idFigurinha, idAlbum)
values (12, 260);

insert into figurinhaEstaNoAlbum (idFigurinha, idAlbum)
values (14, 260);

insert into figurinhaEstaNoAlbum (idFigurinha, idAlbum)
values (9, 248);

insert into figurinhaEstaNoAlbum (idFigurinha, idAlbum)
values (9, 226);

insert into figurinhaEstaNoAlbum (idFigurinha, idAlbum)
values (5, 236);

insert into figurinhaEstaNoAlbum (idFigurinha, idAlbum)
values (27, 240);

insert into figurinhaEstaNoAlbum (idFigurinha, idAlbum)
values (13, 260);

insert into figurinhaEstaNoAlbum (idFigurinha, idAlbum)
values (15, 224);

insert into figurinhaEstaNoAlbum (idFigurinha, idAlbum)
values (19, 226);

insert into figurinhaEstaNoAlbum (idFigurinha, idAlbum)
values (14, 222);

insert into figurinhaEstaNoAlbum (idFigurinha, idAlbum)
values (29, 24);

insert into figurinhaEstaNoAlbum (idFigurinha, idAlbum)
values (25, 218);

insert into figurinhaEstaNoAlbum (idFigurinha, idAlbum)
values (15, 226);

insert into figurinhaEstaNoAlbum (idFigurinha, idAlbum)
values (23, 262);

insert into figurinhaEstaNoAlbum (idFigurinha, idAlbum)
values (31, 258);

insert into figurinhaEstaNoAlbum (idFigurinha, idAlbum)
values (29, 224);

insert into figurinhaEstaNoAlbum (idFigurinha, idAlbum)
values (30, 224);

insert into figurinhaEstaNoAlbum (idFigurinha, idAlbum)
values (6, 244);

insert into figurinhaEstaNoAlbum (idFigurinha, idAlbum)
values (11, 230);

insert into figurinhaEstaNoAlbum (idFigurinha, idAlbum)
values (19, 244);

insert into figurinhaEstaNoAlbum (idFigurinha, idAlbum)
values (19, 220);

insert into figurinhaEstaNoAlbum (idFigurinha, idAlbum)
values (27, 228);

insert into figurinhaEstaNoAlbum (idFigurinha, idAlbum)
values (1, 244);

insert into figurinhaEstaNoAlbum (idFigurinha, idAlbum)
values (8, 210);

insert into figurinhaEstaNoAlbum (idFigurinha, idAlbum)
values (30, 234);

insert into figurinhaEstaNoAlbum (idFigurinha, idAlbum)
values (23, 210);

insert into figurinhaEstaNoAlbum (idFigurinha, idAlbum)
values (22, 262);

insert into figurinhaEstaNoAlbum (idFigurinha, idAlbum)
values (14, 264);

insert into figurinhaEstaNoAlbum (idFigurinha, idAlbum)
values (2, 256);

insert into figurinhaEstaNoAlbum (idFigurinha, idAlbum)
values (12, 232);

insert into figurinhaEstaNoAlbum (idFigurinha, idAlbum)
values (9, 24);

insert into figurinhaEstaNoAlbum (idFigurinha, idAlbum)
values (19, 260);

insert into figurinhaEstaNoAlbum (idFigurinha, idAlbum)
values (21, 236);

insert into figurinhaEstaNoAlbum (idFigurinha, idAlbum)
values (3, 234);

insert into figurinhaEstaNoAlbum (idFigurinha, idAlbum)
values (12, 256);

insert into figurinhaEstaNoAlbum (idFigurinha, idAlbum)
values (6, 246);

insert into figurinhaEstaNoAlbum (idFigurinha, idAlbum)
values (11, 228);

insert into figurinhaEstaNoAlbum (idFigurinha, idAlbum)
values (22, 232);

insert into figurinhaEstaNoAlbum (idFigurinha, idAlbum)
values (29, 226);

insert into figurinhaEstaNoAlbum (idFigurinha, idAlbum)
values (20, 242);

insert into figurinhaEstaNoAlbum (idFigurinha, idAlbum)
values (17, 262);

insert into figurinhaEstaNoAlbum (idFigurinha, idAlbum)
values (2, 246);

insert into figurinhaEstaNoAlbum (idFigurinha, idAlbum)
values (27, 240);

insert into figurinhaEstaNoAlbum (idFigurinha, idAlbum)
values (12, 242);

insert into figurinhaEstaNoAlbum (idFigurinha, idAlbum)
values (5, 258);

insert into figurinhaEstaNoAlbum (idFigurinha, idAlbum)
values (9, 248);

insert into figurinhaEstaNoAlbum (idFigurinha, idAlbum)
values (1, 252);

insert into figurinhaEstaNoAlbum (idFigurinha, idAlbum)
values (16, 214);

insert into figurinhaEstaNoAlbum (idFigurinha, idAlbum)
values (8, 26);

insert into figurinhaEstaNoAlbum (idFigurinha, idAlbum)
values (12, 234);

insert into figurinhaEstaNoAlbum (idFigurinha, idAlbum)
values (11, 246);

insert into figurinhaEstaNoAlbum (idFigurinha, idAlbum)
values (19, 254);

insert into figurinhaEstaNoAlbum (idFigurinha, idAlbum)
values (3, 222);

insert into figurinhaEstaNoAlbum (idFigurinha, idAlbum)
values (18, 28);

insert into figurinhaEstaNoAlbum (idFigurinha, idAlbum)
values (7, 258);

insert into figurinhaEstaNoAlbum (idFigurinha, idAlbum)
values (22, 240);

insert into figurinhaEstaNoAlbum (idFigurinha, idAlbum)
values (6, 246);

insert into figurinhaEstaNoAlbum (idFigurinha, idAlbum)
values (9, 264);

insert into figurinhaEstaNoAlbum (idFigurinha, idAlbum)
values (2, 236);

insert into figurinhaEstaNoAlbum (idFigurinha, idAlbum)
values (31, 242);

insert into figurinhaEstaNoAlbum (idFigurinha, idAlbum)
values (7, 236);

insert into figurinhaEstaNoAlbum (idFigurinha, idAlbum)
values (18, 260);

insert into figurinhaEstaNoAlbum (idFigurinha, idAlbum)
values (9, 262);

insert into figurinhaEstaNoAlbum (idFigurinha, idAlbum)
values (30, 210);

insert into figurinhaEstaNoAlbum (idFigurinha, idAlbum)
values (27, 238);

insert into figurinhaEstaNoAlbum (idFigurinha, idAlbum)
values (14, 252);

insert into figurinhaEstaNoAlbum (idFigurinha, idAlbum)
values (14, 230);

insert into figurinhaEstaNoAlbum (idFigurinha, idAlbum)
values (1, 218);

insert into figurinhaEstaNoAlbum (idFigurinha, idAlbum)
values (12, 232);

insert into figurinhaEstaNoAlbum (idFigurinha, idAlbum)
values (19, 236);

insert into figurinhaEstaNoAlbum (idFigurinha, idAlbum)
values (15, 224);

insert into figurinhaEstaNoAlbum (idFigurinha, idAlbum)
values (2, 260);

insert into figurinhaEstaNoAlbum (idFigurinha, idAlbum)
values (30, 216);

insert into figurinhaEstaNoAlbum (idFigurinha, idAlbum)
values (6, 252);

insert into figurinhaEstaNoAlbum (idFigurinha, idAlbum)
values (19, 228);

insert into figurinhaEstaNoAlbum (idFigurinha, idAlbum)
values (30, 254);

insert into figurinhaEstaNoAlbum (idFigurinha, idAlbum)
values (24, 246);

insert into figurinhaEstaNoAlbum (idFigurinha, idAlbum)
values (27, 222);

insert into figurinhaEstaNoAlbum (idFigurinha, idAlbum)
values (18, 232);

insert into figurinhaEstaNoAlbum (idFigurinha, idAlbum)
values (9, 240);

insert into figurinhaEstaNoAlbum (idFigurinha, idAlbum)
values (18, 232);

insert into figurinhaEstaNoAlbum (idFigurinha, idAlbum)
values (3, 220);

insert into figurinhaEstaNoAlbum (idFigurinha, idAlbum)
values (28, 24);

insert into figurinhaEstaNoAlbum (idFigurinha, idAlbum)
values (19, 236);

insert into figurinhaEstaNoAlbum (idFigurinha, idAlbum)
values (7, 244);

insert into figurinhaEstaNoAlbum (idFigurinha, idAlbum)
values (16, 226);

insert into figurinhaEstaNoAlbum (idFigurinha, idAlbum)
values (16, 210);

insert into figurinhaEstaNoAlbum (idFigurinha, idAlbum)
values (3, 212);

insert into figurinhaEstaNoAlbum (idFigurinha, idAlbum)
values (12, 242);

insert into figurinhaEstaNoAlbum (idFigurinha, idAlbum)
values (13, 224);

insert into figurinhaEstaNoAlbum (idFigurinha, idAlbum)
values (22, 212);

insert into figurinhaEstaNoAlbum (idFigurinha, idAlbum)
values (7, 260);

insert into figurinhaEstaNoAlbum (idFigurinha, idAlbum)
values (16, 248);

insert into figurinhaEstaNoAlbum (idFigurinha, idAlbum)
values (5, 248);

insert into figurinhaEstaNoAlbum (idFigurinha, idAlbum)
values (7, 214);

insert into figurinhaEstaNoAlbum (idFigurinha, idAlbum)
values (10, 240);

insert into figurinhaEstaNoAlbum (idFigurinha, idAlbum)
values (20, 230);

insert into figurinhaEstaNoAlbum (idFigurinha, idAlbum)
values (22, 224);

insert into figurinhaEstaNoAlbum (idFigurinha, idAlbum)
values (13, 264);

insert into figurinhaEstaNoAlbum (idFigurinha, idAlbum)
values (9, 236);

insert into figurinhaEstaNoAlbum (idFigurinha, idAlbum)
values (22, 264);

insert into figurinhaEstaNoAlbum (idFigurinha, idAlbum)
values (15, 230);

insert into figurinhaEstaNoAlbum (idFigurinha, idAlbum)
values (30, 224);

insert into figurinhaEstaNoAlbum (idFigurinha, idAlbum)
values (6, 254);

insert into figurinhaEstaNoAlbum (idFigurinha, idAlbum)
values (22, 210);

insert into figurinhaEstaNoAlbum (idFigurinha, idAlbum)
values (4, 262);

insert into figurinhaEstaNoAlbum (idFigurinha, idAlbum)
values (15, 230);

insert into figurinhaEstaNoAlbum (idFigurinha, idAlbum)
values (11, 250);

insert into figurinhaEstaNoAlbum (idFigurinha, idAlbum)
values (14, 234);

insert into figurinhaEstaNoAlbum (idFigurinha, idAlbum)
values (13, 232);

insert into figurinhaEstaNoAlbum (idFigurinha, idAlbum)
values (16, 250);

insert into figurinhaEstaNoAlbum (idFigurinha, idAlbum)
values (30, 248);

insert into figurinhaEstaNoAlbum (idFigurinha, idAlbum)
values (21, 260);

insert into figurinhaEstaNoAlbum (idFigurinha, idAlbum)
values (1, 210);

insert into figurinhaEstaNoAlbum (idFigurinha, idAlbum)
values (26, 244);

insert into figurinhaEstaNoAlbum (idFigurinha, idAlbum)
values (14, 220);

insert into figurinhaEstaNoAlbum (idFigurinha, idAlbum)
values (22, 28);

insert into figurinhaEstaNoAlbum (idFigurinha, idAlbum)
values (24, 250);

insert into figurinhaEstaNoAlbum (idFigurinha, idAlbum)
values (12, 222);

insert into figurinhaEstaNoAlbum (idFigurinha, idAlbum)
values (28, 228);

insert into figurinhaEstaNoAlbum (idFigurinha, idAlbum)
values (20, 218);

insert into figurinhaEstaNoAlbum (idFigurinha, idAlbum)
values (11, 240);

insert into figurinhaEstaNoAlbum (idFigurinha, idAlbum)
values (27, 222);

insert into figurinhaEstaNoAlbum (idFigurinha, idAlbum)
values (26, 230);

insert into figurinhaEstaNoAlbum (idFigurinha, idAlbum)
values (20, 246);

insert into figurinhaEstaNoAlbum (idFigurinha, idAlbum)
values (19, 242);

insert into figurinhaEstaNoAlbum (idFigurinha, idAlbum)
values (8, 26);

insert into figurinhaEstaNoAlbum (idFigurinha, idAlbum)
values (30, 214);

insert into figurinhaEstaNoAlbum (idFigurinha, idAlbum)
values (6, 242);

insert into figurinhaEstaNoAlbum (idFigurinha, idAlbum)
values (25, 234);

insert into figurinhaEstaNoAlbum (idFigurinha, idAlbum)
values (3, 250);

insert into figurinhaEstaNoAlbum (idFigurinha, idAlbum)
values (24, 232);

insert into figurinhaEstaNoAlbum (idFigurinha, idAlbum)
values (5, 246);

insert into figurinhaEstaNoAlbum (idFigurinha, idAlbum)
values (26, 226);

insert into figurinhaEstaNoAlbum (idFigurinha, idAlbum)
values (29, 256);

insert into figurinhaEstaNoAlbum (idFigurinha, idAlbum)
values (14, 220);

insert into figurinhaEstaNoAlbum (idFigurinha, idAlbum)
values (7, 238);

insert into figurinhaEstaNoAlbum (idFigurinha, idAlbum)
values (11, 248);

insert into figurinhaEstaNoAlbum (idFigurinha, idAlbum)
values (25, 242);

insert into figurinhaEstaNoAlbum (idFigurinha, idAlbum)
values (9, 226);

insert into figurinhaEstaNoAlbum (idFigurinha, idAlbum)
values (25, 258);

insert into figurinhaEstaNoAlbum (idFigurinha, idAlbum)
values (24, 214);

insert into figurinhaEstaNoAlbum (idFigurinha, idAlbum)
values (11, 258);

insert into figurinhaEstaNoAlbum (idFigurinha, idAlbum)
values (22, 240);

insert into figurinhaEstaNoAlbum (idFigurinha, idAlbum)
values (17, 222);

insert into figurinhaEstaNoAlbum (idFigurinha, idAlbum)
values (26, 24);

insert into figurinhaEstaNoAlbum (idFigurinha, idAlbum)
values (6, 250);

insert into figurinhaEstaNoAlbum (idFigurinha, idAlbum)
values (12, 218);

insert into figurinhaEstaNoAlbum (idFigurinha, idAlbum)
values (29, 226);

insert into figurinhaEstaNoAlbum (idFigurinha, idAlbum)
values (28, 238);

insert into figurinhaEstaNoAlbum (idFigurinha, idAlbum)
values (7, 238);

insert into figurinhaEstaNoAlbum (idFigurinha, idAlbum)
values (29, 232);

insert into figurinhaEstaNoAlbum (idFigurinha, idAlbum)
values (18, 224);

insert into figurinhaEstaNoAlbum (idFigurinha, idAlbum)
values (1, 234);

insert into figurinhaEstaNoAlbum (idFigurinha, idAlbum)
values (8, 28);

insert into figurinhaEstaNoAlbum (idFigurinha, idAlbum)
values (30, 228);

insert into figurinhaEstaNoAlbum (idFigurinha, idAlbum)
values (11, 228);

insert into figurinhaEstaNoAlbum (idFigurinha, idAlbum)
values (21, 246);

insert into figurinhaEstaNoAlbum (idFigurinha, idAlbum)
values (24, 258);

insert into figurinhaEstaNoAlbum (idFigurinha, idAlbum)
values (7, 218);

insert into figurinhaEstaNoAlbum (idFigurinha, idAlbum)
values (9, 262);

insert into figurinhaEstaNoAlbum (idFigurinha, idAlbum)
values (30, 230);

insert into figurinhaEstaNoAlbum (idFigurinha, idAlbum)
values (2, 24);

insert into figurinhaEstaNoAlbum (idFigurinha, idAlbum)
values (9, 262);

insert into figurinhaEstaNoAlbum (idFigurinha, idAlbum)
values (1, 236);

insert into figurinhaEstaNoAlbum (idFigurinha, idAlbum)
values (27, 238);

insert into figurinhaEstaNoAlbum (idFigurinha, idAlbum)
values (17, 252);

insert into figurinhaEstaNoAlbum (idFigurinha, idAlbum)
values (2, 252);

insert into figurinhaEstaNoAlbum (idFigurinha, idAlbum)
values (9, 218);

insert into figurinhaEstaNoAlbum (idFigurinha, idAlbum)
values (20, 230);

insert into figurinhaEstaNoAlbum (idFigurinha, idAlbum)
values (7, 232);

insert into figurinhaEstaNoAlbum (idFigurinha, idAlbum)
values (22, 232);

insert into figurinhaEstaNoAlbum (idFigurinha, idAlbum)
values (20, 210);

insert into figurinhaEstaNoAlbum (idFigurinha, idAlbum)
values (26, 252);

insert into figurinhaEstaNoAlbum (idFigurinha, idAlbum)
values (3, 28);

insert into figurinhaEstaNoAlbum (idFigurinha, idAlbum)
values (11, 210);

insert into figurinhaEstaNoAlbum (idFigurinha, idAlbum)
values (21, 258);

insert into figurinhaEstaNoAlbum (idFigurinha, idAlbum)
values (17, 212);

create table usuarioTemAlbum (
	idUsuario int(11),
    idAlbum int(11)
);

insert into usuarioTemAlbum (idUsuario, idAlbum)
values (11, 214);

insert into usuarioTemAlbum (idUsuario, idAlbum)
values (110, 250);

insert into usuarioTemAlbum (idUsuario, idAlbum)
values (122, 234);

insert into usuarioTemAlbum (idUsuario, idAlbum)
values (17, 256);

insert into usuarioTemAlbum (idUsuario, idAlbum)
values (19, 212);

insert into usuarioTemAlbum (idUsuario, idAlbum)
values (16, 260);

insert into usuarioTemAlbum (idUsuario, idAlbum)
values (117, 252);

insert into usuarioTemAlbum (idUsuario, idAlbum)
values (121, 24);

insert into usuarioTemAlbum (idUsuario, idAlbum)
values (13, 244);

insert into usuarioTemAlbum (idUsuario, idAlbum)
values (118, 210);

insert into usuarioTemAlbum (idUsuario, idAlbum)
values (112, 254);

insert into usuarioTemAlbum (idUsuario, idAlbum)
values (113, 238);

insert into usuarioTemAlbum (idUsuario, idAlbum)
values (15, 242);

insert into usuarioTemAlbum (idUsuario, idAlbum)
values (125, 222);

insert into usuarioTemAlbum (idUsuario, idAlbum)
values (116, 26);

insert into usuarioTemAlbum (idUsuario, idAlbum)
values (111, 246);

insert into usuarioTemAlbum (idUsuario, idAlbum)
values (120, 264);

insert into usuarioTemAlbum (idUsuario, idAlbum)
values (114, 218);

insert into usuarioTemAlbum (idUsuario, idAlbum)
values (127, 28);

insert into usuarioTemAlbum (idUsuario, idAlbum)
values (14, 248);

insert into usuarioTemAlbum (idUsuario, idAlbum)
values (12, 262);

insert into usuarioTemAlbum (idUsuario, idAlbum)
values (129, 236);

insert into usuarioTemAlbum (idUsuario, idAlbum)
values (126, 258);

insert into usuarioTemAlbum (idUsuario, idAlbum)
values (130, 240);

insert into usuarioTemAlbum (idUsuario, idAlbum)
values (124, 232);

insert into usuarioTemAlbum (idUsuario, idAlbum)
values (128, 224);

insert into usuarioTemAlbum (idUsuario, idAlbum)
values (18, 230);

insert into usuarioTemAlbum (idUsuario, idAlbum)
values (119, 226);

insert into usuarioTemAlbum (idUsuario, idAlbum)
values (123, 228);

insert into usuarioTemAlbum (idUsuario, idAlbum)
values (115, 216);

create table usuarioTemFigurinha (
	idFigurinha int(11),
	idUsuario int(11)
);

insert into usuarioTemFigurinha (idFigurinha, idUsuario)
values (12, 110);

insert into usuarioTemFigurinha (idFigurinha, idUsuario)
values (25, 116);

insert into usuarioTemFigurinha (idFigurinha, idUsuario)
values (4, 14);

insert into usuarioTemFigurinha (idFigurinha, idUsuario)
values (23, 124);

insert into usuarioTemFigurinha (idFigurinha, idUsuario)
values (18, 117);

insert into usuarioTemFigurinha (idFigurinha, idUsuario)
values (5, 110);

insert into usuarioTemFigurinha (idFigurinha, idUsuario)
values (4, 115);

insert into usuarioTemFigurinha (idFigurinha, idUsuario)
values (6, 113);

insert into usuarioTemFigurinha (idFigurinha, idUsuario)
values (12, 123);

insert into usuarioTemFigurinha (idFigurinha, idUsuario)
values (21, 122);

insert into usuarioTemFigurinha (idFigurinha, idUsuario)
values (10, 13);

insert into usuarioTemFigurinha (idFigurinha, idUsuario)
values (8, 114);

insert into usuarioTemFigurinha (idFigurinha, idUsuario)
values (2, 17);

insert into usuarioTemFigurinha (idFigurinha, idUsuario)
values (14, 18);

insert into usuarioTemFigurinha (idFigurinha, idUsuario)
values (17, 129);

insert into usuarioTemFigurinha (idFigurinha, idUsuario)
values (1, 113);

insert into usuarioTemFigurinha (idFigurinha, idUsuario)
values (8, 124);

insert into usuarioTemFigurinha (idFigurinha, idUsuario)
values (23, 121);

insert into usuarioTemFigurinha (idFigurinha, idUsuario)
values (9, 117);

insert into usuarioTemFigurinha (idFigurinha, idUsuario)
values (6, 115);

insert into usuarioTemFigurinha (idFigurinha, idUsuario)
values (5, 115);

insert into usuarioTemFigurinha (idFigurinha, idUsuario)
values (24, 16);

insert into usuarioTemFigurinha (idFigurinha, idUsuario)
values (4, 118);

insert into usuarioTemFigurinha (idFigurinha, idUsuario)
values (17, 114);

insert into usuarioTemFigurinha (idFigurinha, idUsuario)
values (4, 11);

insert into usuarioTemFigurinha (idFigurinha, idUsuario)
values (18, 124);

insert into usuarioTemFigurinha (idFigurinha, idUsuario)
values (6, 122);

insert into usuarioTemFigurinha (idFigurinha, idUsuario)
values (24, 12);

insert into usuarioTemFigurinha (idFigurinha, idUsuario)
values (26, 115);

insert into usuarioTemFigurinha (idFigurinha, idUsuario)
values (27, 129);

insert into usuarioTemFigurinha (idFigurinha, idUsuario)
values (5, 12);

insert into usuarioTemFigurinha (idFigurinha, idUsuario)
values (25, 116);

insert into usuarioTemFigurinha (idFigurinha, idUsuario)
values (5, 127);

insert into usuarioTemFigurinha (idFigurinha, idUsuario)
values (18, 128);

insert into usuarioTemFigurinha (idFigurinha, idUsuario)
values (29, 125);

insert into usuarioTemFigurinha (idFigurinha, idUsuario)
values (7, 13);

insert into usuarioTemFigurinha (idFigurinha, idUsuario)
values (8, 116);

insert into usuarioTemFigurinha (idFigurinha, idUsuario)
values (14, 11);

insert into usuarioTemFigurinha (idFigurinha, idUsuario)
values (7, 129);

insert into usuarioTemFigurinha (idFigurinha, idUsuario)
values (25, 123);

insert into usuarioTemFigurinha (idFigurinha, idUsuario)
values (30, 121);

insert into usuarioTemFigurinha (idFigurinha, idUsuario)
values (10, 111);

insert into usuarioTemFigurinha (idFigurinha, idUsuario)
values (13, 123);

insert into usuarioTemFigurinha (idFigurinha, idUsuario)
values (19, 121);

insert into usuarioTemFigurinha (idFigurinha, idUsuario)
values (18, 18);

insert into usuarioTemFigurinha (idFigurinha, idUsuario)
values (11, 12);

insert into usuarioTemFigurinha (idFigurinha, idUsuario)
values (6, 126);

insert into usuarioTemFigurinha (idFigurinha, idUsuario)
values (24, 130);

insert into usuarioTemFigurinha (idFigurinha, idUsuario)
values (12, 114);

insert into usuarioTemFigurinha (idFigurinha, idUsuario)
values (5, 126);

insert into usuarioTemFigurinha (idFigurinha, idUsuario)
values (10, 117);

insert into usuarioTemFigurinha (idFigurinha, idUsuario)
values (27, 17);

insert into usuarioTemFigurinha (idFigurinha, idUsuario)
values (13, 119);

insert into usuarioTemFigurinha (idFigurinha, idUsuario)
values (24, 120);

insert into usuarioTemFigurinha (idFigurinha, idUsuario)
values (13, 111);

insert into usuarioTemFigurinha (idFigurinha, idUsuario)
values (11, 119);

insert into usuarioTemFigurinha (idFigurinha, idUsuario)
values (21, 125);

insert into usuarioTemFigurinha (idFigurinha, idUsuario)
values (12, 19);

insert into usuarioTemFigurinha (idFigurinha, idUsuario)
values (7, 18);

insert into usuarioTemFigurinha (idFigurinha, idUsuario)
values (10, 16);

insert into usuarioTemFigurinha (idFigurinha, idUsuario)
values (29, 115);

insert into usuarioTemFigurinha (idFigurinha, idUsuario)
values (4, 130);

insert into usuarioTemFigurinha (idFigurinha, idUsuario)
values (19, 115);

insert into usuarioTemFigurinha (idFigurinha, idUsuario)
values (29, 125);

insert into usuarioTemFigurinha (idFigurinha, idUsuario)
values (12, 124);

insert into usuarioTemFigurinha (idFigurinha, idUsuario)
values (9, 11);

insert into usuarioTemFigurinha (idFigurinha, idUsuario)
values (7, 126);

insert into usuarioTemFigurinha (idFigurinha, idUsuario)
values (13, 19);

insert into usuarioTemFigurinha (idFigurinha, idUsuario)
values (26, 18);

insert into usuarioTemFigurinha (idFigurinha, idUsuario)
values (14, 19);

insert into usuarioTemFigurinha (idFigurinha, idUsuario)
values (19, 124);

insert into usuarioTemFigurinha (idFigurinha, idUsuario)
values (22, 126);

insert into usuarioTemFigurinha (idFigurinha, idUsuario)
values (4, 130);

insert into usuarioTemFigurinha (idFigurinha, idUsuario)
values (20, 111);

insert into usuarioTemFigurinha (idFigurinha, idUsuario)
values (4, 128);

insert into usuarioTemFigurinha (idFigurinha, idUsuario)
values (7, 116);

insert into usuarioTemFigurinha (idFigurinha, idUsuario)
values (24, 120);

insert into usuarioTemFigurinha (idFigurinha, idUsuario)
values (9, 111);

insert into usuarioTemFigurinha (idFigurinha, idUsuario)
values (21, 14);

insert into usuarioTemFigurinha (idFigurinha, idUsuario)
values (26, 110);

insert into usuarioTemFigurinha (idFigurinha, idUsuario)
values (3, 111);

insert into usuarioTemFigurinha (idFigurinha, idUsuario)
values (25, 116);

insert into usuarioTemFigurinha (idFigurinha, idUsuario)
values (29, 11);

insert into usuarioTemFigurinha (idFigurinha, idUsuario)
values (23, 16);

insert into usuarioTemFigurinha (idFigurinha, idUsuario)
values (7, 125);

insert into usuarioTemFigurinha (idFigurinha, idUsuario)
values (23, 112);

insert into usuarioTemFigurinha (idFigurinha, idUsuario)
values (24, 19);

insert into usuarioTemFigurinha (idFigurinha, idUsuario)
values (10, 14);

insert into usuarioTemFigurinha (idFigurinha, idUsuario)
values (17, 121);

insert into usuarioTemFigurinha (idFigurinha, idUsuario)
values (7, 13);

insert into usuarioTemFigurinha (idFigurinha, idUsuario)
values (4, 110);

insert into usuarioTemFigurinha (idFigurinha, idUsuario)
values (20, 121);

insert into usuarioTemFigurinha (idFigurinha, idUsuario)
values (18, 122);

insert into usuarioTemFigurinha (idFigurinha, idUsuario)
values (28, 13);

insert into usuarioTemFigurinha (idFigurinha, idUsuario)
values (13, 119);

insert into usuarioTemFigurinha (idFigurinha, idUsuario)
values (3, 130);

insert into usuarioTemFigurinha (idFigurinha, idUsuario)
values (30, 19);

insert into usuarioTemFigurinha (idFigurinha, idUsuario)
values (25, 125);

insert into usuarioTemFigurinha (idFigurinha, idUsuario)
values (25, 114);

insert into usuarioTemFigurinha (idFigurinha, idUsuario)
values (8, 112);

insert into usuarioTemFigurinha (idFigurinha, idUsuario)
values (23, 124);

insert into usuarioTemFigurinha (idFigurinha, idUsuario)
values (29, 119);

insert into usuarioTemFigurinha (idFigurinha, idUsuario)
values (24, 120);

insert into usuarioTemFigurinha (idFigurinha, idUsuario)
values (18, 130);

insert into usuarioTemFigurinha (idFigurinha, idUsuario)
values (26, 117);

insert into usuarioTemFigurinha (idFigurinha, idUsuario)
values (17, 118);

insert into usuarioTemFigurinha (idFigurinha, idUsuario)
values (20, 124);

insert into usuarioTemFigurinha (idFigurinha, idUsuario)
values (11, 114);

insert into usuarioTemFigurinha (idFigurinha, idUsuario)
values (12, 19);

insert into usuarioTemFigurinha (idFigurinha, idUsuario)
values (24, 120);

insert into usuarioTemFigurinha (idFigurinha, idUsuario)
values (27, 124);

insert into usuarioTemFigurinha (idFigurinha, idUsuario)
values (20, 15);

insert into usuarioTemFigurinha (idFigurinha, idUsuario)
values (5, 13);

insert into usuarioTemFigurinha (idFigurinha, idUsuario)
values (8, 12);

insert into usuarioTemFigurinha (idFigurinha, idUsuario)
values (10, 129);

insert into usuarioTemFigurinha (idFigurinha, idUsuario)
values (16, 12);

insert into usuarioTemFigurinha (idFigurinha, idUsuario)
values (26, 122);

insert into usuarioTemFigurinha (idFigurinha, idUsuario)
values (17, 129);

insert into usuarioTemFigurinha (idFigurinha, idUsuario)
values (4, 14);

insert into usuarioTemFigurinha (idFigurinha, idUsuario)
values (10, 19);

insert into usuarioTemFigurinha (idFigurinha, idUsuario)
values (7, 125);

insert into usuarioTemFigurinha (idFigurinha, idUsuario)
values (27, 16);

insert into usuarioTemFigurinha (idFigurinha, idUsuario)
values (4, 15);

insert into usuarioTemFigurinha (idFigurinha, idUsuario)
values (4, 19);

insert into usuarioTemFigurinha (idFigurinha, idUsuario)
values (2, 121);

insert into usuarioTemFigurinha (idFigurinha, idUsuario)
values (4, 127);

insert into usuarioTemFigurinha (idFigurinha, idUsuario)
values (5, 16);

insert into usuarioTemFigurinha (idFigurinha, idUsuario)
values (29, 120);

insert into usuarioTemFigurinha (idFigurinha, idUsuario)
values (18, 118);

insert into usuarioTemFigurinha (idFigurinha, idUsuario)
values (4, 122);

insert into usuarioTemFigurinha (idFigurinha, idUsuario)
values (23, 16);

insert into usuarioTemFigurinha (idFigurinha, idUsuario)
values (18, 19);

insert into usuarioTemFigurinha (idFigurinha, idUsuario)
values (29, 115);

insert into usuarioTemFigurinha (idFigurinha, idUsuario)
values (23, 113);

insert into usuarioTemFigurinha (idFigurinha, idUsuario)
values (8, 12);

insert into usuarioTemFigurinha (idFigurinha, idUsuario)
values (4, 125);

insert into usuarioTemFigurinha (idFigurinha, idUsuario)
values (5, 18);

insert into usuarioTemFigurinha (idFigurinha, idUsuario)
values (10, 124);

insert into usuarioTemFigurinha (idFigurinha, idUsuario)
values (25, 13);

insert into usuarioTemFigurinha (idFigurinha, idUsuario)
values (25, 118);

insert into usuarioTemFigurinha (idFigurinha, idUsuario)
values (29, 120);

insert into usuarioTemFigurinha (idFigurinha, idUsuario)
values (27, 130);

insert into usuarioTemFigurinha (idFigurinha, idUsuario)
values (30, 119);

insert into usuarioTemFigurinha (idFigurinha, idUsuario)
values (14, 15);

insert into usuarioTemFigurinha (idFigurinha, idUsuario)
values (1, 126);

insert into usuarioTemFigurinha (idFigurinha, idUsuario)
values (27, 12);

insert into usuarioTemFigurinha (idFigurinha, idUsuario)
values (23, 115);

insert into usuarioTemFigurinha (idFigurinha, idUsuario)
values (7, 113);

insert into usuarioTemFigurinha (idFigurinha, idUsuario)
values (10, 119);

insert into usuarioTemFigurinha (idFigurinha, idUsuario)
values (1, 118);

insert into usuarioTemFigurinha (idFigurinha, idUsuario)
values (4, 17);

insert into usuarioTemFigurinha (idFigurinha, idUsuario)
values (2, 16);

insert into usuarioTemFigurinha (idFigurinha, idUsuario)
values (15, 19);

insert into usuarioTemFigurinha (idFigurinha, idUsuario)
values (10, 112);

insert into usuarioTemFigurinha (idFigurinha, idUsuario)
values (4, 113);

insert into usuarioTemFigurinha (idFigurinha, idUsuario)
values (21, 128);

insert into usuarioTemFigurinha (idFigurinha, idUsuario)
values (25, 121);

insert into usuarioTemFigurinha (idFigurinha, idUsuario)
values (7, 110);

insert into usuarioTemFigurinha (idFigurinha, idUsuario)
values (26, 128);

insert into usuarioTemFigurinha (idFigurinha, idUsuario)
values (10, 116);

insert into usuarioTemFigurinha (idFigurinha, idUsuario)
values (10, 14);

insert into usuarioTemFigurinha (idFigurinha, idUsuario)
values (27, 129);

insert into usuarioTemFigurinha (idFigurinha, idUsuario)
values (21, 129);

insert into usuarioTemFigurinha (idFigurinha, idUsuario)
values (8, 11);

insert into usuarioTemFigurinha (idFigurinha, idUsuario)
values (17, 110);

insert into usuarioTemFigurinha (idFigurinha, idUsuario)
values (23, 14);

insert into usuarioTemFigurinha (idFigurinha, idUsuario)
values (25, 110);

insert into usuarioTemFigurinha (idFigurinha, idUsuario)
values (6, 18);

insert into usuarioTemFigurinha (idFigurinha, idUsuario)
values (27, 125);

insert into usuarioTemFigurinha (idFigurinha, idUsuario)
values (8, 118);

insert into usuarioTemFigurinha (idFigurinha, idUsuario)
values (30, 129);

insert into usuarioTemFigurinha (idFigurinha, idUsuario)
values (3, 19);

insert into usuarioTemFigurinha (idFigurinha, idUsuario)
values (11, 121);

insert into usuarioTemFigurinha (idFigurinha, idUsuario)
values (28, 113);

insert into usuarioTemFigurinha (idFigurinha, idUsuario)
values (24, 19);

insert into usuarioTemFigurinha (idFigurinha, idUsuario)
values (30, 123);

insert into usuarioTemFigurinha (idFigurinha, idUsuario)
values (1, 11);

insert into usuarioTemFigurinha (idFigurinha, idUsuario)
values (13, 17);

insert into usuarioTemFigurinha (idFigurinha, idUsuario)
values (8, 130);

insert into usuarioTemFigurinha (idFigurinha, idUsuario)
values (16, 115);

insert into usuarioTemFigurinha (idFigurinha, idUsuario)
values (12, 15);

insert into usuarioTemFigurinha (idFigurinha, idUsuario)
values (18, 126);

insert into usuarioTemFigurinha (idFigurinha, idUsuario)
values (3, 14);

insert into usuarioTemFigurinha (idFigurinha, idUsuario)
values (19, 12);

insert into usuarioTemFigurinha (idFigurinha, idUsuario)
values (1, 16);

insert into usuarioTemFigurinha (idFigurinha, idUsuario)
values (25, 112);

insert into usuarioTemFigurinha (idFigurinha, idUsuario)
values (14, 123);

insert into usuarioTemFigurinha (idFigurinha, idUsuario)
values (1, 114);

insert into usuarioTemFigurinha (idFigurinha, idUsuario)
values (15, 116);

insert into usuarioTemFigurinha (idFigurinha, idUsuario)
values (4, 113);

insert into usuarioTemFigurinha (idFigurinha, idUsuario)
values (11, 122);

insert into usuarioTemFigurinha (idFigurinha, idUsuario)
values (23, 129);

insert into usuarioTemFigurinha (idFigurinha, idUsuario)
values (28, 15);

insert into usuarioTemFigurinha (idFigurinha, idUsuario)
values (13, 119);

insert into usuarioTemFigurinha (idFigurinha, idUsuario)
values (9, 13);

insert into usuarioTemFigurinha (idFigurinha, idUsuario)
values (25, 115);

insert into usuarioTemFigurinha (idFigurinha, idUsuario)
values (12, 17);

insert into usuarioTemFigurinha (idFigurinha, idUsuario)
values (19, 116);

insert into usuarioTemFigurinha (idFigurinha, idUsuario)
values (18, 125);

insert into usuarioTemFigurinha (idFigurinha, idUsuario)
values (30, 122);

insert into usuarioTemFigurinha (idFigurinha, idUsuario)
values (1, 110);

insert into usuarioTemFigurinha (idFigurinha, idUsuario)
values (2, 16);

insert into usuarioTemFigurinha (idFigurinha, idUsuario)
values (15, 121);

insert into usuarioTemFigurinha (idFigurinha, idUsuario)
values (19, 12);

insert into usuarioTemFigurinha (idFigurinha, idUsuario)
values (23, 114);

insert into usuarioTemFigurinha (idFigurinha, idUsuario)
values (13, 127);

insert into usuarioTemFigurinha (idFigurinha, idUsuario)
values (30, 111);

insert into usuarioTemFigurinha (idFigurinha, idUsuario)
values (26, 112);

insert into usuarioTemFigurinha (idFigurinha, idUsuario)
values (7, 14);

insert into usuarioTemFigurinha (idFigurinha, idUsuario)
values (1, 113);

insert into usuarioTemFigurinha (idFigurinha, idUsuario)
values (2, 12);

insert into usuarioTemFigurinha (idFigurinha, idUsuario)
values (3, 122);

insert into usuarioTemFigurinha (idFigurinha, idUsuario)
values (15, 112);

insert into usuarioTemFigurinha (idFigurinha, idUsuario)
values (23, 128);

insert into usuarioTemFigurinha (idFigurinha, idUsuario)
values (4, 114);

insert into usuarioTemFigurinha (idFigurinha, idUsuario)
values (18, 120);

insert into usuarioTemFigurinha (idFigurinha, idUsuario)
values (12, 13);

insert into usuarioTemFigurinha (idFigurinha, idUsuario)
values (8, 117);

insert into usuarioTemFigurinha (idFigurinha, idUsuario)
values (21, 121);

insert into usuarioTemFigurinha (idFigurinha, idUsuario)
values (20, 113);

insert into usuarioTemFigurinha (idFigurinha, idUsuario)
values (9, 125);

insert into usuarioTemFigurinha (idFigurinha, idUsuario)
values (16, 124);

insert into usuarioTemFigurinha (idFigurinha, idUsuario)
values (12, 127);

insert into usuarioTemFigurinha (idFigurinha, idUsuario)
values (28, 127);

insert into usuarioTemFigurinha (idFigurinha, idUsuario)
values (3, 128);

insert into usuarioTemFigurinha (idFigurinha, idUsuario)
values (29, 19);

insert into usuarioTemFigurinha (idFigurinha, idUsuario)
values (1, 113);

insert into usuarioTemFigurinha (idFigurinha, idUsuario)
values (20, 116);

insert into usuarioTemFigurinha (idFigurinha, idUsuario)
values (25, 121);

insert into usuarioTemFigurinha (idFigurinha, idUsuario)
values (26, 124);

insert into usuarioTemFigurinha (idFigurinha, idUsuario)
values (14, 123);

insert into usuarioTemFigurinha (idFigurinha, idUsuario)
values (11, 123);

insert into usuarioTemFigurinha (idFigurinha, idUsuario)
values (18, 118);

insert into usuarioTemFigurinha (idFigurinha, idUsuario)
values (3, 121);

insert into usuarioTemFigurinha (idFigurinha, idUsuario)
values (26, 110);

insert into usuarioTemFigurinha (idFigurinha, idUsuario)
values (13, 129);

insert into usuarioTemFigurinha (idFigurinha, idUsuario)
values (24, 112);

insert into usuarioTemFigurinha (idFigurinha, idUsuario)
values (17, 124);

insert into usuarioTemFigurinha (idFigurinha, idUsuario)
values (30, 19);

insert into usuarioTemFigurinha (idFigurinha, idUsuario)
values (27, 117);

insert into usuarioTemFigurinha (idFigurinha, idUsuario)
values (9, 128);

insert into usuarioTemFigurinha (idFigurinha, idUsuario)
values (30, 110);

insert into usuarioTemFigurinha (idFigurinha, idUsuario)
values (5, 126);

insert into usuarioTemFigurinha (idFigurinha, idUsuario)
values (9, 122);

insert into usuarioTemFigurinha (idFigurinha, idUsuario)
values (9, 116);

insert into usuarioTemFigurinha (idFigurinha, idUsuario)
values (1, 125);

insert into usuarioTemFigurinha (idFigurinha, idUsuario)
values (9, 113);

insert into usuarioTemFigurinha (idFigurinha, idUsuario)
values (20, 116);

insert into usuarioTemFigurinha (idFigurinha, idUsuario)
values (8, 14);

insert into usuarioTemFigurinha (idFigurinha, idUsuario)
values (2, 17);

insert into usuarioTemFigurinha (idFigurinha, idUsuario)
values (27, 114);

insert into usuarioTemFigurinha (idFigurinha, idUsuario)
values (11, 110);

insert into usuarioTemFigurinha (idFigurinha, idUsuario)
values (15, 12);

insert into usuarioTemFigurinha (idFigurinha, idUsuario)
values (9, 125);

insert into usuarioTemFigurinha (idFigurinha, idUsuario)
values (30, 110);

insert into usuarioTemFigurinha (idFigurinha, idUsuario)
values (30, 124);

insert into usuarioTemFigurinha (idFigurinha, idUsuario)
values (2, 127);

insert into usuarioTemFigurinha (idFigurinha, idUsuario)
values (10, 122);

insert into usuarioTemFigurinha (idFigurinha, idUsuario)
values (14, 118);

insert into usuarioTemFigurinha (idFigurinha, idUsuario)
values (4, 128);

insert into usuarioTemFigurinha (idFigurinha, idUsuario)
values (27, 14);

insert into usuarioTemFigurinha (idFigurinha, idUsuario)
values (10, 16);

insert into usuarioTemFigurinha (idFigurinha, idUsuario)
values (19, 122);

insert into usuarioTemFigurinha (idFigurinha, idUsuario)
values (5, 115);

insert into usuarioTemFigurinha (idFigurinha, idUsuario)
values (18, 14);

insert into usuarioTemFigurinha (idFigurinha, idUsuario)
values (28, 16);

insert into usuarioTemFigurinha (idFigurinha, idUsuario)
values (25, 129);

insert into usuarioTemFigurinha (idFigurinha, idUsuario)
values (26, 118);

insert into usuarioTemFigurinha (idFigurinha, idUsuario)
values (2, 124);

insert into usuarioTemFigurinha (idFigurinha, idUsuario)
values (22, 130);

insert into usuarioTemFigurinha (idFigurinha, idUsuario)
values (12, 127);

insert into usuarioTemFigurinha (idFigurinha, idUsuario)
values (17, 128);

insert into usuarioTemFigurinha (idFigurinha, idUsuario)
values (5, 125);

insert into usuarioTemFigurinha (idFigurinha, idUsuario)
values (25, 123);

insert into usuarioTemFigurinha (idFigurinha, idUsuario)
values (6, 16);

insert into usuarioTemFigurinha (idFigurinha, idUsuario)
values (13, 12);

insert into usuarioTemFigurinha (idFigurinha, idUsuario)
values (28, 13);

insert into usuarioTemFigurinha (idFigurinha, idUsuario)
values (8, 112);

insert into usuarioTemFigurinha (idFigurinha, idUsuario)
values (1, 114);

insert into usuarioTemFigurinha (idFigurinha, idUsuario)
values (11, 11);

insert into usuarioTemFigurinha (idFigurinha, idUsuario)
values (24, 111);

insert into usuarioTemFigurinha (idFigurinha, idUsuario)
values (14, 121);

insert into usuarioTemFigurinha (idFigurinha, idUsuario)
values (18, 115);

insert into usuarioTemFigurinha (idFigurinha, idUsuario)
values (22, 16);

insert into usuarioTemFigurinha (idFigurinha, idUsuario)
values (3, 123);

insert into usuarioTemFigurinha (idFigurinha, idUsuario)
values (29, 120);

insert into usuarioTemFigurinha (idFigurinha, idUsuario)
values (18, 124);

insert into usuarioTemFigurinha (idFigurinha, idUsuario)
values (20, 14);

insert into usuarioTemFigurinha (idFigurinha, idUsuario)
values (9, 128);

insert into usuarioTemFigurinha (idFigurinha, idUsuario)
values (23, 121);

insert into usuarioTemFigurinha (idFigurinha, idUsuario)
values (11, 126);

insert into usuarioTemFigurinha (idFigurinha, idUsuario)
values (22, 125);

insert into usuarioTemFigurinha (idFigurinha, idUsuario)
values (25, 118);

insert into usuarioTemFigurinha (idFigurinha, idUsuario)
values (17, 126);

insert into usuarioTemFigurinha (idFigurinha, idUsuario)
values (16, 13);

insert into usuarioTemFigurinha (idFigurinha, idUsuario)
values (15, 18);

insert into usuarioTemFigurinha (idFigurinha, idUsuario)
values (18, 115);

insert into usuarioTemFigurinha (idFigurinha, idUsuario)
values (23, 122);

insert into usuarioTemFigurinha (idFigurinha, idUsuario)
values (8, 15);

insert into usuarioTemFigurinha (idFigurinha, idUsuario)
values (27, 130);
